

-- Records of "FWGL"."SYS_ROLE"
insert into "FWGL"."SYS_ROLE" ("ID","CREATE_BY","CREATE_TIME","LAST_UPDATE_BY","LAST_UPDATE_TIME","DEL_FLAG","NAME","REMARK","FLAG") values (1, 'admin', '2020-05-13 12:33:02.000000', 'admin', '2020-06-23 15:48:49.271000', 1, 'admin', '超级管理员', null);
insert into "FWGL"."SYS_ROLE" ("ID","CREATE_BY","CREATE_TIME","LAST_UPDATE_BY","LAST_UPDATE_TIME","DEL_FLAG","NAME","REMARK","FLAG") values (2, 'admin', '2020-05-13 12:33:02.000000', 'admin', '2020-06-23 15:48:49.271000', 1, 'mng', '项目经理', null);
insert into "FWGL"."SYS_ROLE" ("ID","CREATE_BY","CREATE_TIME","LAST_UPDATE_BY","LAST_UPDATE_TIME","DEL_FLAG","NAME","REMARK","FLAG") values (3, 'admin', '2020-05-13 12:33:02.000000', 'admin', '2020-06-23 15:48:49.271000', 1, 'dev', '开发人员', null);
insert into "FWGL"."SYS_ROLE" ("ID","CREATE_BY","CREATE_TIME","LAST_UPDATE_BY","LAST_UPDATE_TIME","DEL_FLAG","NAME","REMARK","FLAG") values (4, 'admin', '2020-05-13 12:33:02.000000', 'admin', '2020-06-23 15:48:49.271000', 1, 'test', '测试人员', null);

-- Records of "FWGL"."SYS_DEPT"
insert into "FWGL"."SYS_DEPT" ("ID","CREATE_BY","CREATE_TIME","LAST_UPDATE_BY","LAST_UPDATE_TIME","ADDRESS","CONTACT","DEL_FLAG","EMAIL","NAME","ORDER_NUM","PARENT_ID","PHONE_NUMBER","WEBSITE") values (1, 'admin', '2020-05-13 19:33:02.000000', 'admin', '2020-05-13 19:33:02.000000', '北京市海淀区北四环中路211号（100083）', '工作人员', 1, 'xxhtjb@cetc.com.cn', '中国电子科技集团15所', 0, null, '010-89055775', 'http://www.nci.ac.cn/');
insert into "FWGL"."SYS_DEPT" ("ID","CREATE_BY","CREATE_TIME","LAST_UPDATE_BY","LAST_UPDATE_TIME","ADDRESS","CONTACT","DEL_FLAG","EMAIL","NAME","ORDER_NUM","PARENT_ID","PHONE_NUMBER","WEBSITE") values (2, 'admin', '2020-05-13 19:43:02.000000', 'admin', '2020-05-13 19:33:02.000000', '北京市朝阳区酒仙桥北路甲10号院电子城IT产业园107楼（100015）', '工作人员', 1, 'support@supermap.com', '北京超图软件股份有限公司', 1, null, '+86-10-59896655', 'https://www.supermap.com/');

-- Records of "FWGL"."SYS_MENU"
insert into "FWGL"."SYS_MENU" ("ID","CREATE_BY","CREATE_TIME","LAST_UPDATE_BY","LAST_UPDATE_TIME","DEL_FLAG","ICON","NAME","ORDER_NUM","PARENT_ID","PERMS","TYPE","URL") values (1, 'admin', '2020-06-23 17:33:02.000000', 'admin', '2020-06-23 17:33:02.000000', 1, 'el-icon-setting', '权限管理', 0, 0, null, 0, null);
insert into "FWGL"."SYS_MENU" ("ID","CREATE_BY","CREATE_TIME","LAST_UPDATE_BY","LAST_UPDATE_TIME","DEL_FLAG","ICON","NAME","ORDER_NUM","PARENT_ID","PERMS","TYPE","URL") values (2, 'admin', '2020-06-23 17:33:02.000000', 'admin', '2020-06-23 17:33:02.000000', 1, 'el-icon-service', '用户管理', 1, 1, null, 1, '/sys/user');
insert into "FWGL"."SYS_MENU" ("ID","CREATE_BY","CREATE_TIME","LAST_UPDATE_BY","LAST_UPDATE_TIME","DEL_FLAG","ICON","NAME","ORDER_NUM","PARENT_ID","PERMS","TYPE","URL") values (3, 'admin', '2020-06-23 17:33:02.000000', 'admin', '2020-06-23 17:33:02.000000', 1, null, '查看', 0, 2, 'sys:user:view', 2, null);
insert into "FWGL"."SYS_MENU" ("ID","CREATE_BY","CREATE_TIME","LAST_UPDATE_BY","LAST_UPDATE_TIME","DEL_FLAG","ICON","NAME","ORDER_NUM","PARENT_ID","PERMS","TYPE","URL") values (4, 'admin', '2020-06-23 17:33:02.000000', 'admin', '2020-06-23 17:33:02.000000', 1, null, '新增', 0, 2, 'sys:user:add', 2, null);
insert into "FWGL"."SYS_MENU" ("ID","CREATE_BY","CREATE_TIME","LAST_UPDATE_BY","LAST_UPDATE_TIME","DEL_FLAG","ICON","NAME","ORDER_NUM","PARENT_ID","PERMS","TYPE","URL") values (5, 'admin', '2020-06-23 17:33:02.000000', 'admin', '2020-06-23 17:33:02.000000', 1, null, '修改', 0, 2, 'sys:user:edit', 2, null);
insert into "FWGL"."SYS_MENU" ("ID","CREATE_BY","CREATE_TIME","LAST_UPDATE_BY","LAST_UPDATE_TIME","DEL_FLAG","ICON","NAME","ORDER_NUM","PARENT_ID","PERMS","TYPE","URL") values (6, 'admin', '2020-06-23 17:33:02.000000', 'admin', '2020-06-23 17:33:02.000000', 1, null, '删除', 0, 2, 'sys:user:delete', 2, null);
insert into "FWGL"."SYS_MENU" ("ID","CREATE_BY","CREATE_TIME","LAST_UPDATE_BY","LAST_UPDATE_TIME","DEL_FLAG","ICON","NAME","ORDER_NUM","PARENT_ID","PERMS","TYPE","URL") values (7, 'admin', '2020-06-23 17:33:02.000000', 'admin', '2020-06-23 17:33:02.000000', 1, 'el-icon-news', '机构管理', 2, 1, null, 1, '/sys/dept');
insert into "FWGL"."SYS_MENU" ("ID","CREATE_BY","CREATE_TIME","LAST_UPDATE_BY","LAST_UPDATE_TIME","DEL_FLAG","ICON","NAME","ORDER_NUM","PARENT_ID","PERMS","TYPE","URL") values (8, 'admin', '2020-06-23 17:33:02.000000', 'admin', '2020-06-23 17:33:02.000000', 1, null, '查看', 0, 7, 'sys:dept:view', 2, null);
insert into "FWGL"."SYS_MENU" ("ID","CREATE_BY","CREATE_TIME","LAST_UPDATE_BY","LAST_UPDATE_TIME","DEL_FLAG","ICON","NAME","ORDER_NUM","PARENT_ID","PERMS","TYPE","URL") values (9, 'admin', '2020-06-23 17:33:02.000000', 'admin', '2020-06-23 17:33:02.000000', 1, null, '新增', 0, 7, 'sys:dept:add', 3, null);
insert into "FWGL"."SYS_MENU" ("ID","CREATE_BY","CREATE_TIME","LAST_UPDATE_BY","LAST_UPDATE_TIME","DEL_FLAG","ICON","NAME","ORDER_NUM","PARENT_ID","PERMS","TYPE","URL") values (10, 'admin', '2020-06-23 17:33:02.000000', 'admin', '2020-06-23 17:33:02.000000', 1, null, '修改', 0, 7, 'sys:dept:edit', 3, null);
insert into "FWGL"."SYS_MENU" ("ID","CREATE_BY","CREATE_TIME","LAST_UPDATE_BY","LAST_UPDATE_TIME","DEL_FLAG","ICON","NAME","ORDER_NUM","PARENT_ID","PERMS","TYPE","URL") values (11, 'admin', '2020-06-23 17:33:02.000000', 'admin', '2020-06-23 17:33:02.000000', 1, null, '删除', 0, 7, 'sys:dept:delete', 3, null);
insert into "FWGL"."SYS_MENU" ("ID","CREATE_BY","CREATE_TIME","LAST_UPDATE_BY","LAST_UPDATE_TIME","DEL_FLAG","ICON","NAME","ORDER_NUM","PARENT_ID","PERMS","TYPE","URL") values (12, 'admin', '2020-06-23 17:33:02.000000', 'admin', '2020-06-23 17:33:02.000000', 1, 'el-icon-view', '角色管理', 3, 1, null, 1, '/sys/role');
insert into "FWGL"."SYS_MENU" ("ID","CREATE_BY","CREATE_TIME","LAST_UPDATE_BY","LAST_UPDATE_TIME","DEL_FLAG","ICON","NAME","ORDER_NUM","PARENT_ID","PERMS","TYPE","URL") values (13, 'admin', '2020-06-23 17:33:02.000000', 'admin', '2020-06-23 17:33:02.000000', 1, null, '查看', 0, 12, 'sys:role:view', 2, null);
insert into "FWGL"."SYS_MENU" ("ID","CREATE_BY","CREATE_TIME","LAST_UPDATE_BY","LAST_UPDATE_TIME","DEL_FLAG","ICON","NAME","ORDER_NUM","PARENT_ID","PERMS","TYPE","URL") values (14, 'admin', '2020-06-23 17:33:02.000000', 'admin', '2020-06-23 17:33:02.000000', 1, null, '新增', 0, 12, 'sys:role:add', 2, null);
insert into "FWGL"."SYS_MENU" ("ID","CREATE_BY","CREATE_TIME","LAST_UPDATE_BY","LAST_UPDATE_TIME","DEL_FLAG","ICON","NAME","ORDER_NUM","PARENT_ID","PERMS","TYPE","URL") values (15, 'admin', '2020-06-23 17:33:02.000000', 'admin', '2020-06-23 17:33:02.000000', 1, null, '修改', 0, 12, 'sys:role:edit', 2, null);
insert into "FWGL"."SYS_MENU" ("ID","CREATE_BY","CREATE_TIME","LAST_UPDATE_BY","LAST_UPDATE_TIME","DEL_FLAG","ICON","NAME","ORDER_NUM","PARENT_ID","PERMS","TYPE","URL") values (16, 'admin', '2020-06-23 17:33:02.000000', 'admin', '2020-06-23 17:33:02.000000', 1, null, '删除', 0, 12, 'sys:role:delete', 2, null);
insert into "FWGL"."SYS_MENU" ("ID","CREATE_BY","CREATE_TIME","LAST_UPDATE_BY","LAST_UPDATE_TIME","DEL_FLAG","ICON","NAME","ORDER_NUM","PARENT_ID","PERMS","TYPE","URL") values (17, 'admin', '2020-06-23 17:33:02.000000', 'admin', '2020-06-23 17:33:02.000000', 1, 'el-icon-menu', '菜单管理', 4, 1, null, 1, '/sys/menu');
insert into "FWGL"."SYS_MENU" ("ID","CREATE_BY","CREATE_TIME","LAST_UPDATE_BY","LAST_UPDATE_TIME","DEL_FLAG","ICON","NAME","ORDER_NUM","PARENT_ID","PERMS","TYPE","URL") values (18, 'admin', '2020-06-23 17:33:02.000000', 'admin', '2020-06-23 17:33:02.000000', 1, null, '查看', 0, 17, 'sys:menu:view', 2, null);
insert into "FWGL"."SYS_MENU" ("ID","CREATE_BY","CREATE_TIME","LAST_UPDATE_BY","LAST_UPDATE_TIME","DEL_FLAG","ICON","NAME","ORDER_NUM","PARENT_ID","PERMS","TYPE","URL") values (19, 'admin', '2020-06-23 17:33:02.000000', 'admin', '2020-06-23 17:33:02.000000', 1, null, '新增', 0, 17, 'sys:menu:add', 2, null);
insert into "FWGL"."SYS_MENU" ("ID","CREATE_BY","CREATE_TIME","LAST_UPDATE_BY","LAST_UPDATE_TIME","DEL_FLAG","ICON","NAME","ORDER_NUM","PARENT_ID","PERMS","TYPE","URL") values (20, 'admin', '2020-06-23 17:33:02.000000', 'admin', '2020-06-23 17:33:02.000000', 1, null, '修改', 0, 17, 'sys:menu:edit', 2, null);
insert into "FWGL"."SYS_MENU" ("ID","CREATE_BY","CREATE_TIME","LAST_UPDATE_BY","LAST_UPDATE_TIME","DEL_FLAG","ICON","NAME","ORDER_NUM","PARENT_ID","PERMS","TYPE","URL") values (21, 'admin', '2020-06-23 17:33:02.000000', 'admin', '2020-06-23 17:33:02.000000', 1, null, '删除', 0, 17, 'sys:menu:delete', 2, null);
insert into "FWGL"."SYS_MENU" ("ID","CREATE_BY","CREATE_TIME","LAST_UPDATE_BY","LAST_UPDATE_TIME","DEL_FLAG","ICON","NAME","ORDER_NUM","PARENT_ID","PERMS","TYPE","URL") values (22, 'admin', '2020-06-23 17:33:02.000000', 'admin', '2020-06-23 17:33:02.000000', 1, 'el-icon-setting', '系统配置', 1, 0, null, 0, null);
insert into "FWGL"."SYS_MENU" ("ID","CREATE_BY","CREATE_TIME","LAST_UPDATE_BY","LAST_UPDATE_TIME","DEL_FLAG","ICON","NAME","ORDER_NUM","PARENT_ID","PERMS","TYPE","URL") values (23, 'admin', '2020-06-23 17:33:02.000000', 'admin', '2020-06-23 17:33:02.000000', 1, 'el-icon-edit-outline', '字典管理', 1, 22, null, 1, '/sys/dict');
insert into "FWGL"."SYS_MENU" ("ID","CREATE_BY","CREATE_TIME","LAST_UPDATE_BY","LAST_UPDATE_TIME","DEL_FLAG","ICON","NAME","ORDER_NUM","PARENT_ID","PERMS","TYPE","URL") values (24, 'admin', '2020-06-23 17:33:02.000000', 'admin', '2020-06-23 17:33:02.000000', 1, null, '查看', 0, 23, 'sys:dict:view', 2, null);
insert into "FWGL"."SYS_MENU" ("ID","CREATE_BY","CREATE_TIME","LAST_UPDATE_BY","LAST_UPDATE_TIME","DEL_FLAG","ICON","NAME","ORDER_NUM","PARENT_ID","PERMS","TYPE","URL") values (25, 'admin', '2020-06-23 17:33:02.000000', 'admin', '2020-06-23 17:33:02.000000', 1, null, '新增', 0, 23, 'sys:dict:add', 2, null);
insert into "FWGL"."SYS_MENU" ("ID","CREATE_BY","CREATE_TIME","LAST_UPDATE_BY","LAST_UPDATE_TIME","DEL_FLAG","ICON","NAME","ORDER_NUM","PARENT_ID","PERMS","TYPE","URL") values (26, 'admin', '2020-06-23 17:33:02.000000', 'admin', '2020-06-23 17:33:02.000000', 1, null, '修改', 0, 23, 'sys:dict:edit', 2, null);
insert into "FWGL"."SYS_MENU" ("ID","CREATE_BY","CREATE_TIME","LAST_UPDATE_BY","LAST_UPDATE_TIME","DEL_FLAG","ICON","NAME","ORDER_NUM","PARENT_ID","PERMS","TYPE","URL") values (27, 'admin', '2020-06-23 17:33:02.000000', 'admin', '2020-06-23 17:33:02.000000', 1, null, '删除', 0, 23, 'sys:dict:delete', 2, null);
insert into "FWGL"."SYS_MENU" ("ID","CREATE_BY","CREATE_TIME","LAST_UPDATE_BY","LAST_UPDATE_TIME","DEL_FLAG","ICON","NAME","ORDER_NUM","PARENT_ID","PERMS","TYPE","URL") values (28, 'admin', '2020-06-23 17:33:02.000000', 'admin', '2020-06-23 17:33:02.000000', 1, 'el-icon-setting', '系统监控', 2, 0, null, 0, null);
insert into "FWGL"."SYS_MENU" ("ID","CREATE_BY","CREATE_TIME","LAST_UPDATE_BY","LAST_UPDATE_TIME","DEL_FLAG","ICON","NAME","ORDER_NUM","PARENT_ID","PERMS","TYPE","URL") values (29, 'admin', '2020-06-23 17:33:02.000000', 'admin', '2020-06-23 17:33:02.000000', 1, 'el-icon-info', '系统日志', 1, 28, null, 1, '/sys/log');
insert into "FWGL"."SYS_MENU" ("ID","CREATE_BY","CREATE_TIME","LAST_UPDATE_BY","LAST_UPDATE_TIME","DEL_FLAG","ICON","NAME","ORDER_NUM","PARENT_ID","PERMS","TYPE","URL") values (30, 'admin', '2020-06-23 17:33:02.000000', 'admin', '2020-06-23 17:33:02.000000', 1, null, '查看', 0, 29, 'sys:log:view', 2, null);
insert into "FWGL"."SYS_MENU" ("ID","CREATE_BY","CREATE_TIME","LAST_UPDATE_BY","LAST_UPDATE_TIME","DEL_FLAG","ICON","NAME","ORDER_NUM","PARENT_ID","PERMS","TYPE","URL") values (31, 'admin', '2020-06-23 17:33:02.000000', 'admin', '2020-06-23 17:33:02.000000', 1, null, '删除', 0, 29, 'sys:log:delete', 2, null);
insert into "FWGL"."SYS_MENU" ("ID","CREATE_BY","CREATE_TIME","LAST_UPDATE_BY","LAST_UPDATE_TIME","DEL_FLAG","ICON","NAME","ORDER_NUM","PARENT_ID","PERMS","TYPE","URL") values (32, 'admin', '2020-06-23 17:33:02.000000', 'admin', '2020-06-23 17:33:02.000000', 1, 'el-icon-info', '主机监控', 2, 28, null, 1, '/sys/monitor/mainframe');
insert into "FWGL"."SYS_MENU" ("ID","CREATE_BY","CREATE_TIME","LAST_UPDATE_BY","LAST_UPDATE_TIME","DEL_FLAG","ICON","NAME","ORDER_NUM","PARENT_ID","PERMS","TYPE","URL") values (33, 'admin', '2020-06-23 17:33:02.000000', 'admin', '2020-06-23 17:33:02.000000', 1, null, '查看', 0, 32, 'sys:monitor:mainframe:view', 2, null);
insert into "FWGL"."SYS_MENU" ("ID","CREATE_BY","CREATE_TIME","LAST_UPDATE_BY","LAST_UPDATE_TIME","DEL_FLAG","ICON","NAME","ORDER_NUM","PARENT_ID","PERMS","TYPE","URL") values (34, 'admin', '2020-06-23 17:33:02.000000', 'admin', '2020-06-23 17:33:02.000000', 1, 'el-icon-info', '在线用户', 3, 28, null, 1, '/sys/monitor/onlineuser');
insert into "FWGL"."SYS_MENU" ("ID","CREATE_BY","CREATE_TIME","LAST_UPDATE_BY","LAST_UPDATE_TIME","DEL_FLAG","ICON","NAME","ORDER_NUM","PARENT_ID","PERMS","TYPE","URL") values (35, 'admin', '2020-06-23 17:33:02.000000', 'admin', '2020-06-23 17:33:02.000000', 1, null, '查看', 0, 34, 'sys:monitor:onlineuser:view', 2, null);
insert into "FWGL"."SYS_MENU" ("ID","CREATE_BY","CREATE_TIME","LAST_UPDATE_BY","LAST_UPDATE_TIME","DEL_FLAG","ICON","NAME","ORDER_NUM","PARENT_ID","PERMS","TYPE","URL") values (36, 'admin', '2020-06-23 17:33:02.000000', 'admin', '2020-06-23 17:33:02.000000', 1, 'el-icon-setting', '服务管理', 3, 0, null, 0, null);
insert into "FWGL"."SYS_MENU" ("ID","CREATE_BY","CREATE_TIME","LAST_UPDATE_BY","LAST_UPDATE_TIME","DEL_FLAG","ICON","NAME","ORDER_NUM","PARENT_ID","PERMS","TYPE","URL") values (37, 'admin', '2020-06-23 17:33:02.000000', 'admin', '2020-06-23 17:33:02.000000', 1, 'el-icon-document', '服务主题', 1, 36, null, 1, '/svc/subject');
insert into "FWGL"."SYS_MENU" ("ID","CREATE_BY","CREATE_TIME","LAST_UPDATE_BY","LAST_UPDATE_TIME","DEL_FLAG","ICON","NAME","ORDER_NUM","PARENT_ID","PERMS","TYPE","URL") values (38, 'admin', '2020-06-23 17:33:02.000000', 'admin', '2020-06-23 17:33:02.000000', 1, null, '查看', 0, 37, 'svc:subject:view', 2, null);
insert into "FWGL"."SYS_MENU" ("ID","CREATE_BY","CREATE_TIME","LAST_UPDATE_BY","LAST_UPDATE_TIME","DEL_FLAG","ICON","NAME","ORDER_NUM","PARENT_ID","PERMS","TYPE","URL") values (39, 'admin', '2020-06-23 17:33:02.000000', 'admin', '2020-06-23 17:33:02.000000', 1, null, '新增', 0, 37, 'svc:subject:add', 2, null);
insert into "FWGL"."SYS_MENU" ("ID","CREATE_BY","CREATE_TIME","LAST_UPDATE_BY","LAST_UPDATE_TIME","DEL_FLAG","ICON","NAME","ORDER_NUM","PARENT_ID","PERMS","TYPE","URL") values (40, 'admin', '2020-06-23 17:33:02.000000', 'admin', '2020-06-23 17:33:02.000000', 1, null, '修改', 0, 37, 'svc:subject:edit', 2, null);
insert into "FWGL"."SYS_MENU" ("ID","CREATE_BY","CREATE_TIME","LAST_UPDATE_BY","LAST_UPDATE_TIME","DEL_FLAG","ICON","NAME","ORDER_NUM","PARENT_ID","PERMS","TYPE","URL") values (41, 'admin', '2020-06-23 17:33:02.000000', 'admin', '2020-06-23 17:33:02.000000', 1, null, '删除', 0, 37, 'svc:subject:delete', 2, null);
insert into "FWGL"."SYS_MENU" ("ID","CREATE_BY","CREATE_TIME","LAST_UPDATE_BY","LAST_UPDATE_TIME","DEL_FLAG","ICON","NAME","ORDER_NUM","PARENT_ID","PERMS","TYPE","URL") values (42, 'admin', '2020-06-23 17:33:02.000000', 'admin', '2020-06-23 17:33:02.000000', 1, 'el-icon-document', '服务类型', 2, 36, null, 1, '/svc/type');
insert into "FWGL"."SYS_MENU" ("ID","CREATE_BY","CREATE_TIME","LAST_UPDATE_BY","LAST_UPDATE_TIME","DEL_FLAG","ICON","NAME","ORDER_NUM","PARENT_ID","PERMS","TYPE","URL") values (43, 'admin', '2020-06-23 17:33:02.000000', 'admin', '2020-06-23 17:33:02.000000', 1, null, '查看', 0, 42, 'svc:type:view', 2, null);
insert into "FWGL"."SYS_MENU" ("ID","CREATE_BY","CREATE_TIME","LAST_UPDATE_BY","LAST_UPDATE_TIME","DEL_FLAG","ICON","NAME","ORDER_NUM","PARENT_ID","PERMS","TYPE","URL") values (44, 'admin', '2020-06-23 17:33:02.000000', 'admin', '2020-06-23 17:33:02.000000', 1, null, '新增', 0, 42, 'svc:type:add', 3, null);
insert into "FWGL"."SYS_MENU" ("ID","CREATE_BY","CREATE_TIME","LAST_UPDATE_BY","LAST_UPDATE_TIME","DEL_FLAG","ICON","NAME","ORDER_NUM","PARENT_ID","PERMS","TYPE","URL") values (45, 'admin', '2020-06-23 17:33:02.000000', 'admin', '2020-06-23 17:33:02.000000', 1, null, '修改', 0, 42, 'svc:type:edit', 3, null);
insert into "FWGL"."SYS_MENU" ("ID","CREATE_BY","CREATE_TIME","LAST_UPDATE_BY","LAST_UPDATE_TIME","DEL_FLAG","ICON","NAME","ORDER_NUM","PARENT_ID","PERMS","TYPE","URL") values (46, 'admin', '2020-06-23 17:33:02.000000', 'admin', '2020-06-23 17:33:02.000000', 1, null, '删除', 0, 42, 'svc:type:delete', 3, null);
insert into "FWGL"."SYS_MENU" ("ID","CREATE_BY","CREATE_TIME","LAST_UPDATE_BY","LAST_UPDATE_TIME","DEL_FLAG","ICON","NAME","ORDER_NUM","PARENT_ID","PERMS","TYPE","URL") values (47, 'admin', '2020-06-23 17:33:02.000000', 'admin', '2020-06-23 17:33:02.000000', 1, 'el-icon-document', '服务注册', 3, 36, null, 1, '/svc/register');
insert into "FWGL"."SYS_MENU" ("ID","CREATE_BY","CREATE_TIME","LAST_UPDATE_BY","LAST_UPDATE_TIME","DEL_FLAG","ICON","NAME","ORDER_NUM","PARENT_ID","PERMS","TYPE","URL") values (48, 'admin', '2020-06-23 17:33:02.000000', 'admin', '2020-06-23 17:33:02.000000', 1, null, '注册', 0, 47, 'svc:register:regist', 2, null);
insert into "FWGL"."SYS_MENU" ("ID","CREATE_BY","CREATE_TIME","LAST_UPDATE_BY","LAST_UPDATE_TIME","DEL_FLAG","ICON","NAME","ORDER_NUM","PARENT_ID","PERMS","TYPE","URL") values (49, 'admin', '2020-06-23 17:33:02.000000', 'admin', '2020-06-23 17:33:02.000000', 1, 'el-icon-document', '服务审核', 4, 36, null, 1, '/svc/audit');
insert into "FWGL"."SYS_MENU" ("ID","CREATE_BY","CREATE_TIME","LAST_UPDATE_BY","LAST_UPDATE_TIME","DEL_FLAG","ICON","NAME","ORDER_NUM","PARENT_ID","PERMS","TYPE","URL") values (50, 'admin', '2020-06-23 17:33:02.000000', 'admin', '2020-06-23 17:33:02.000000', 1, null, '查看', 0, 49, 'svc:audit:view', 2, null);
insert into "FWGL"."SYS_MENU" ("ID","CREATE_BY","CREATE_TIME","LAST_UPDATE_BY","LAST_UPDATE_TIME","DEL_FLAG","ICON","NAME","ORDER_NUM","PARENT_ID","PERMS","TYPE","URL") values (51, 'admin', '2020-06-23 17:33:02.000000', 'admin', '2020-06-23 17:33:02.000000', 1, null, '审核', 0, 49, 'svc:audit:audit', 2, null);
insert into "FWGL"."SYS_MENU" ("ID","CREATE_BY","CREATE_TIME","LAST_UPDATE_BY","LAST_UPDATE_TIME","DEL_FLAG","ICON","NAME","ORDER_NUM","PARENT_ID","PERMS","TYPE","URL") values (52, 'admin', '2020-06-23 17:33:02.000000', 'admin', '2020-06-23 17:33:02.000000', 1, null, '删除', 0, 49, 'svc:audit:delete', 2, null);
insert into "FWGL"."SYS_MENU" ("ID","CREATE_BY","CREATE_TIME","LAST_UPDATE_BY","LAST_UPDATE_TIME","DEL_FLAG","ICON","NAME","ORDER_NUM","PARENT_ID","PERMS","TYPE","URL") values (53, 'admin', '2020-06-23 17:33:02.000000', 'admin', '2020-06-23 17:33:02.000000', 1, 'el-icon-document', '服务发布', 5, 36, null, 1, '/svc/release');
insert into "FWGL"."SYS_MENU" ("ID","CREATE_BY","CREATE_TIME","LAST_UPDATE_BY","LAST_UPDATE_TIME","DEL_FLAG","ICON","NAME","ORDER_NUM","PARENT_ID","PERMS","TYPE","URL") values (54, 'admin', '2020-06-23 17:33:02.000000', 'admin', '2020-06-23 17:33:02.000000', 1, null, '查看', 0, 53, 'svc:release:view', 2, null);
insert into "FWGL"."SYS_MENU" ("ID","CREATE_BY","CREATE_TIME","LAST_UPDATE_BY","LAST_UPDATE_TIME","DEL_FLAG","ICON","NAME","ORDER_NUM","PARENT_ID","PERMS","TYPE","URL") values (55, 'admin', '2020-06-23 17:33:02.000000', 'admin', '2020-06-23 17:33:02.000000', 1, null, '发布', 0, 53, 'svc:release:release', 2, null);
insert into "FWGL"."SYS_MENU" ("ID","CREATE_BY","CREATE_TIME","LAST_UPDATE_BY","LAST_UPDATE_TIME","DEL_FLAG","ICON","NAME","ORDER_NUM","PARENT_ID","PERMS","TYPE","URL") values (56, 'admin', '2020-06-23 17:33:02.000000', 'admin', '2020-06-23 17:33:02.000000', 1, null, '删除', 0, 53, 'svc:release:delete', 2, null);
insert into "FWGL"."SYS_MENU" ("ID","CREATE_BY","CREATE_TIME","LAST_UPDATE_BY","LAST_UPDATE_TIME","DEL_FLAG","ICON","NAME","ORDER_NUM","PARENT_ID","PERMS","TYPE","URL") values (57, 'admin', '2020-06-23 17:33:02.000000', 'admin', '2020-06-23 17:33:02.000000', 1, 'el-icon-files', '服务浏览', 6, 36, null, 1, '/svc/view');
insert into "FWGL"."SYS_MENU" ("ID","CREATE_BY","CREATE_TIME","LAST_UPDATE_BY","LAST_UPDATE_TIME","DEL_FLAG","ICON","NAME","ORDER_NUM","PARENT_ID","PERMS","TYPE","URL") values (58, 'admin', '2020-06-23 17:33:02.000000', 'admin', '2020-06-23 17:33:02.000000', 1, null, '浏览', 0, 57, 'svc:view:view', 2, null);
insert into "FWGL"."SYS_MENU" ("ID","CREATE_BY","CREATE_TIME","LAST_UPDATE_BY","LAST_UPDATE_TIME","DEL_FLAG","ICON","NAME","ORDER_NUM","PARENT_ID","PERMS","TYPE","URL") values (59, 'admin', '2020-06-23 17:33:02.000000', 'admin', '2020-06-23 17:33:02.000000', 1, 'el-icon-setting', '统计分析', 4, 0, null, 0, null);
insert into "FWGL"."SYS_MENU" ("ID","CREATE_BY","CREATE_TIME","LAST_UPDATE_BY","LAST_UPDATE_TIME","DEL_FLAG","ICON","NAME","ORDER_NUM","PARENT_ID","PERMS","TYPE","URL") values (60, 'admin', '2020-06-23 17:33:02.000000', 'admin', '2020-06-23 17:33:02.000000', 1, 'el-icon-pie-chart', '服务种类统计', 1, 59, null, 1, '/stat/service/kind');
insert into "FWGL"."SYS_MENU" ("ID","CREATE_BY","CREATE_TIME","LAST_UPDATE_BY","LAST_UPDATE_TIME","DEL_FLAG","ICON","NAME","ORDER_NUM","PARENT_ID","PERMS","TYPE","URL") values (61, 'admin', '2020-06-23 17:33:02.000000', 'admin', '2020-06-23 17:33:02.000000', 1, null, '查看', 0, 60, 'stat:service:kind:view', 2, null);
insert into "FWGL"."SYS_MENU" ("ID","CREATE_BY","CREATE_TIME","LAST_UPDATE_BY","LAST_UPDATE_TIME","DEL_FLAG","ICON","NAME","ORDER_NUM","PARENT_ID","PERMS","TYPE","URL") values (62, 'admin', '2020-06-23 17:33:02.000000', 'admin', '2020-06-23 17:33:02.000000', 1, 'el-icon-data-analysis', '服务访问量统计', 2, 59, null, 1, '/stat/service/pv');
insert into "FWGL"."SYS_MENU" ("ID","CREATE_BY","CREATE_TIME","LAST_UPDATE_BY","LAST_UPDATE_TIME","DEL_FLAG","ICON","NAME","ORDER_NUM","PARENT_ID","PERMS","TYPE","URL") values (63, 'admin', '2020-06-23 17:33:02.000000', 'admin', '2020-06-23 17:33:02.000000', 1, null, '查看', 0, 62, 'stat:service:pv:view', 2, null);
insert into "FWGL"."SYS_MENU" ("ID","CREATE_BY","CREATE_TIME","LAST_UPDATE_BY","LAST_UPDATE_TIME","DEL_FLAG","ICON","NAME","ORDER_NUM","PARENT_ID","PERMS","TYPE","URL") values (64, 'admin', '2020-06-23 17:33:02.000000', 'admin', '2020-06-23 17:33:02.000000', 1, 'el-icon-setting', '开放平台', 5, 0, null, 0, null);
insert into "FWGL"."SYS_MENU" ("ID","CREATE_BY","CREATE_TIME","LAST_UPDATE_BY","LAST_UPDATE_TIME","DEL_FLAG","ICON","NAME","ORDER_NUM","PARENT_ID","PERMS","TYPE","URL") values (65, 'admin', '2020-06-23 17:33:02.000000', 'admin', '2020-06-23 17:33:02.000000', 1, 'el-icon-document', '接口文档', 1, 64, null, 1, 'http://127.0.0.1:8998/swagger-ui.html');
insert into "FWGL"."SYS_MENU" ("ID","CREATE_BY","CREATE_TIME","LAST_UPDATE_BY","LAST_UPDATE_TIME","DEL_FLAG","ICON","NAME","ORDER_NUM","PARENT_ID","PERMS","TYPE","URL") values (66, 'admin', '2020-06-23 17:33:02.000000', 'admin', '2020-06-23 17:33:02.000000', 1, null, '查看', 0, 65, 'open:interface:view', 2, null);

-- Records of "FWGL"."SYS_USER"
insert into "FWGL"."SYS_USER" ("ID","CREATE_BY","CREATE_TIME","LAST_UPDATE_BY","LAST_UPDATE_TIME","SEX","AVATAR","DEL_FLAG","DEPT_ID","EMAIL","MOBILE","NICK_NAME","PASSWORD","SALT","STATUS","USERNAME") values (1, 'admin', '2020-06-23 17:33:02.000000', 'admin', '2020-06-23 17:33:02.000000', 1, null, 1, 1, 'admin@qq.com', '13612345678', '超管', 'bd1718f058d8a02468134432b8656a86', 'YzcmCZNvbXocrsz9dm8e', 1, 'admin');
insert into "FWGL"."SYS_USER" ("ID","CREATE_BY","CREATE_TIME","LAST_UPDATE_BY","LAST_UPDATE_TIME","SEX","AVATAR","DEL_FLAG","DEPT_ID","EMAIL","MOBILE","NICK_NAME","PASSWORD","SALT","STATUS","USERNAME") values (2, 'admin', '2020-06-23 17:33:02.000000', 'admin', '2020-06-23 17:33:02.000000', 2, null, 1, 2, 'test@qq.com', '13889700023', '刘备', 'c81d2b03bad872229ac88a50fe3d6bca', '1d00dc66ed0e41d8ba9a', 1, 'liubei');
insert into "FWGL"."SYS_USER" ("ID","CREATE_BY","CREATE_TIME","LAST_UPDATE_BY","LAST_UPDATE_TIME","SEX","AVATAR","DEL_FLAG","DEPT_ID","EMAIL","MOBILE","NICK_NAME","PASSWORD","SALT","STATUS","USERNAME") values (3, 'admin', '2020-06-23 17:33:02.000000', 'admin', '2020-06-23 17:33:02.000000', 1, null, 1, 1, 'test@qq.com', '13889700023', '赵云', '6d0f906cddc23248ae4541cc0b4cf379', '1ed6d768348046afa324', 2, 'zhaoyun');
insert into "FWGL"."SYS_USER" ("ID","CREATE_BY","CREATE_TIME","LAST_UPDATE_BY","LAST_UPDATE_TIME","SEX","AVATAR","DEL_FLAG","DEPT_ID","EMAIL","MOBILE","NICK_NAME","PASSWORD","SALT","STATUS","USERNAME") values (4, 'admin', '2020-06-23 17:33:02.000000', 'admin', '2020-06-23 17:33:02.000000', 1, null, 1, 2, 'test@qq.com', '13889700023', '诸葛亮', 'c4a18dc00032bd46619ce716a8dac74a', '3ae5bb7e44ce4b28987a', 2, 'zhugeliang');
insert into "FWGL"."SYS_USER" ("ID","CREATE_BY","CREATE_TIME","LAST_UPDATE_BY","LAST_UPDATE_TIME","SEX","AVATAR","DEL_FLAG","DEPT_ID","EMAIL","MOBILE","NICK_NAME","PASSWORD","SALT","STATUS","USERNAME") values (5, 'admin', '2020-06-23 17:33:02.000000', 'admin', '2020-06-23 17:33:02.000000', 1, null, 1, 2, 'test@qq.com', '13889700023', '曹操', '17c463246f09a430c0dcef02f4a1a913', '53224106d0c84b7ebd0a', 1, 'caocao');
insert into "FWGL"."SYS_USER" ("ID","CREATE_BY","CREATE_TIME","LAST_UPDATE_BY","LAST_UPDATE_TIME","SEX","AVATAR","DEL_FLAG","DEPT_ID","EMAIL","MOBILE","NICK_NAME","PASSWORD","SALT","STATUS","USERNAME") values (6, 'admin', '2020-06-23 17:33:02.000000', 'admin', '2020-06-23 17:33:02.000000', 2, null, 1, 1, 'test@qq.com', '13889700023', '典韦', '737faec7e4d099217fb889cd70319ddc', 'fe94f164bf974fc49c81', 1, 'dianwei');
insert into "FWGL"."SYS_USER" ("ID","CREATE_BY","CREATE_TIME","LAST_UPDATE_BY","LAST_UPDATE_TIME","SEX","AVATAR","DEL_FLAG","DEPT_ID","EMAIL","MOBILE","NICK_NAME","PASSWORD","SALT","STATUS","USERNAME") values (7, 'admin', '2020-06-23 17:33:02.000000', 'admin', '2020-06-23 17:33:02.000000', 2, null, 1, 1, 'test@qq.com', '13889700023', '夏侯惇', '6d604e035c517c665613c76c94f9d39f', 'c623563af6234bbd864b', 1, 'xiahoudun');

-- Records of "FWGL"."SYS_USER_ROLE"
insert into "FWGL"."SYS_USER_ROLE" ("ID","CREATE_BY","CREATE_TIME","LAST_UPDATE_BY","LAST_UPDATE_TIME","ROLE_ID","USER_ID") values (1, 'admin', '2020-06-23 17:33:02.000000', 'admin', '2020-06-23 17:33:02.000000', 1, 1);
insert into "FWGL"."SYS_USER_ROLE" ("ID","CREATE_BY","CREATE_TIME","LAST_UPDATE_BY","LAST_UPDATE_TIME","ROLE_ID","USER_ID") values (8, 'admin', '2020-06-23 17:33:02.000000', 'admin', '2020-06-23 17:33:02.000000', 2, 1);
insert into "FWGL"."SYS_USER_ROLE" ("ID","CREATE_BY","CREATE_TIME","LAST_UPDATE_BY","LAST_UPDATE_TIME","ROLE_ID","USER_ID") values (9, 'admin', '2020-06-23 17:33:02.000000', 'admin', '2020-06-23 17:33:02.000000', 3, 1);
insert into "FWGL"."SYS_USER_ROLE" ("ID","CREATE_BY","CREATE_TIME","LAST_UPDATE_BY","LAST_UPDATE_TIME","ROLE_ID","USER_ID") values (378, 'admin', '2020-07-15 17:13:05.558000', 'admin', '2020-07-15 17:13:05.558000', 2, 2);
insert into "FWGL"."SYS_USER_ROLE" ("ID","CREATE_BY","CREATE_TIME","LAST_UPDATE_BY","LAST_UPDATE_TIME","ROLE_ID","USER_ID") values (379, 'admin', '2020-07-15 17:13:05.560000', 'admin', '2020-07-15 17:13:05.560000', 4, 2);
insert into "FWGL"."SYS_USER_ROLE" ("ID","CREATE_BY","CREATE_TIME","LAST_UPDATE_BY","LAST_UPDATE_TIME","ROLE_ID","USER_ID") values (382, 'admin', '2020-07-15 17:13:21.175000', 'admin', '2020-07-15 17:13:21.175000', 3, 3);
insert into "FWGL"."SYS_USER_ROLE" ("ID","CREATE_BY","CREATE_TIME","LAST_UPDATE_BY","LAST_UPDATE_TIME","ROLE_ID","USER_ID") values (383, 'admin', '2020-07-15 17:13:21.177000', 'admin', '2020-07-15 17:13:21.177000', 2, 3);
insert into "FWGL"."SYS_USER_ROLE" ("ID","CREATE_BY","CREATE_TIME","LAST_UPDATE_BY","LAST_UPDATE_TIME","ROLE_ID","USER_ID") values (384, 'admin', '2020-07-15 17:13:26.292000', 'admin', '2020-07-15 17:13:26.292000', 4, 4);
insert into "FWGL"."SYS_USER_ROLE" ("ID","CREATE_BY","CREATE_TIME","LAST_UPDATE_BY","LAST_UPDATE_TIME","ROLE_ID","USER_ID") values (385, 'admin', '2020-07-15 17:13:31.350000', 'admin', '2020-07-15 17:13:31.350000', 3, 5);
insert into "FWGL"."SYS_USER_ROLE" ("ID","CREATE_BY","CREATE_TIME","LAST_UPDATE_BY","LAST_UPDATE_TIME","ROLE_ID","USER_ID") values (386, 'admin', '2020-07-15 17:13:38.024000', 'admin', '2020-07-15 17:13:38.024000', 4, 6);
insert into "FWGL"."SYS_USER_ROLE" ("ID","CREATE_BY","CREATE_TIME","LAST_UPDATE_BY","LAST_UPDATE_TIME","ROLE_ID","USER_ID") values (387, 'admin', '2020-07-15 17:13:44.912000', 'admin', '2020-07-15 17:13:44.912000', 4, 7);

-- Records of "FWGL"."SYS_ROLE_DEPT"
insert into "FWGL"."SYS_ROLE_DEPT" ("ID","CREATE_BY","CREATE_TIME","LAST_UPDATE_BY","LAST_UPDATE_TIME","DEPT_ID","ROLE_ID") values (1, 'admin', '2020-06-23 15:49:08.545000', 'admin', '2020-06-23 15:49:08.545000', 1, 1);
insert into "FWGL"."SYS_ROLE_DEPT" ("ID","CREATE_BY","CREATE_TIME","LAST_UPDATE_BY","LAST_UPDATE_TIME","DEPT_ID","ROLE_ID") values (2, 'admin', '2020-06-23 15:49:08.545000', 'admin', '2020-06-23 15:49:08.545000', 2, 2);
insert into "FWGL"."SYS_ROLE_DEPT" ("ID","CREATE_BY","CREATE_TIME","LAST_UPDATE_BY","LAST_UPDATE_TIME","DEPT_ID","ROLE_ID") values (3, 'admin', '2020-06-23 15:49:08.545000', 'admin', '2020-06-23 15:49:08.545000', 3, 3);

-- Records of "FWGL"."SYS_ROLE_MENU"
insert into "FWGL"."SYS_ROLE_MENU" ("ID","CREATE_BY","CREATE_TIME","LAST_UPDATE_BY","LAST_UPDATE_TIME","MENU_ID","ROLE_ID") values (1, 'admin', '2020-06-23 15:49:08.545000', 'admin', '2020-06-23 15:49:08.545000', 1, 1);
insert into "FWGL"."SYS_ROLE_MENU" ("ID","CREATE_BY","CREATE_TIME","LAST_UPDATE_BY","LAST_UPDATE_TIME","MENU_ID","ROLE_ID") values (2, 'admin', '2020-06-23 15:49:08.545000', 'admin', '2020-06-23 15:49:08.545000', 2, 1);
insert into "FWGL"."SYS_ROLE_MENU" ("ID","CREATE_BY","CREATE_TIME","LAST_UPDATE_BY","LAST_UPDATE_TIME","MENU_ID","ROLE_ID") values (3, 'admin', '2020-06-23 15:49:08.545000', 'admin', '2020-06-23 15:49:08.545000', 3, 1);


